frame,condition,psnr_bic,ssim_bic,lpips_bic,psnr_sr,ssim_sr,lpips_sr,psnr_swinir,ssim_swinir,lpips_swinir,psnr_sr_ft,ssim_sr_ft,lpips_sr_ft
day_street_f000000.png,day,21.652702090408628,0.5779442175379202,0.6816707849502563,19.850361346397097,0.5839535362842555,0.3216819763183594,19.56891502714165,0.574340955346591,0.3611724376678467,20.87193802135214,0.6466985923978174,0.1938856840133667
day_street_f000066.png,day,20.772564338884646,0.5158742392917616,0.7192375659942627,19.039595999459745,0.5171754363044139,0.32252246141433716,19.007429088808713,0.5156168372233085,0.3573286533355713,20.35210878121893,0.6061858595730215,0.17274855077266693
day_street_f000132.png,day,20.64300720890089,0.5099371547657539,0.7288317680358887,18.86738077741341,0.5090393843613885,0.3232269883155823,18.851669860562765,0.506072239102946,0.35140863060951233,20.23094376014971,0.6009646540160782,0.17000123858451843
day_street_f000198.png,day,20.612487830738004,0.506383790103035,0.7324905395507812,18.790537317906466,0.5114006161811949,0.32596683502197266,18.910615638618516,0.5048698516197057,0.3509655296802521,20.19493641317981,0.5989963576734817,0.1696159839630127
day_street_f000264.png,day,20.687598222728294,0.5152103111976692,0.7227863073348999,18.86817054152179,0.5165559017456032,0.31409910321235657,18.857054332243358,0.5133169829077383,0.34892621636390686,20.173475853196734,0.6067746560150621,0.1694258451461792
day_street_f000330.png,day,20.62482206812154,0.5096857799545486,0.7247684597969055,19.04947602383278,0.5146286695123794,0.31545403599739075,18.96472752755113,0.512271281668307,0.353567510843277,20.169652559345934,0.599986472864083,0.17785261571407318
day_street_f000396.png,day,20.57786080375347,0.5056607916120309,0.7249929904937744,18.936960571839872,0.5094003528624264,0.3216550946235657,18.856928137591346,0.5056377793052595,0.35101592540740967,20.169368695330085,0.5939731847692614,0.18550097942352295
day_street_f000462.png,day,20.655045841982197,0.5119710815704993,0.7237449884414673,18.973812350170512,0.5169193443555846,0.314331978559494,18.96331771568594,0.5144253108305253,0.3487117290496826,20.213504999043536,0.6008871664133268,0.1750231236219406
day_street_f000528.png,day,20.633878256805232,0.5094049132634676,0.72908616065979,18.906772790025347,0.5087115683241267,0.3236865699291229,18.93384454118921,0.5085988701872851,0.3486722707748413,20.229409800639317,0.6012385922777929,0.1737387776374817
day_street_f000594.png,day,20.57434759449334,0.5071672054726529,0.734288215637207,18.879579289348424,0.5105133652275408,0.31833934783935547,18.867772139451763,0.5044046511346841,0.34911349415779114,20.177337822696604,0.6013965915199178,0.17442423105239868
day_street_f000661.png,day,20.859730682138398,0.5320647803269639,0.7031469345092773,19.08468900510456,0.5333606100007828,0.31227412819862366,19.14080506124873,0.5284552438728229,0.34170132875442505,20.376592030175576,0.6219205767774904,0.16115276515483856
day_street_f000727.png,day,20.45604212494836,0.5033493593616315,0.7340584993362427,18.764252468595597,0.5087622000462351,0.3185845911502838,18.83053448979846,0.5052941487383276,0.3410079777240753,20.117834608921417,0.5992709967309241,0.16818413138389587
day_street_f000793.png,day,20.42074524177722,0.5048628588985496,0.7316890954971313,18.671157874208163,0.5104252813047818,0.3183895945549011,18.674782406580785,0.501510399925735,0.34831616282463074,20.08316782633551,0.60166144571272,0.17422381043434143
day_street_f000859.png,day,20.978250005993168,0.5509893531894164,0.6710795760154724,19.281172447670492,0.5504578707012223,0.31029632687568665,19.07915594373589,0.5433039551570854,0.33607399463653564,20.343368615502143,0.6317729693003494,0.1674785166978836
day_street_f000925.png,day,20.27505757194591,0.5063326455631706,0.7100909948348999,18.7399911898805,0.5131085004667492,0.30190935730934143,18.483069815231413,0.5034175039064568,0.3321961462497711,19.880988795358846,0.5986488262784084,0.16437220573425293
day_street_f000991.png,day,20.17624001443549,0.4986453946141925,0.7191224098205566,18.700847754046002,0.5076242895210012,0.3144499659538269,18.558741939505076,0.4989741563710694,0.3367178738117218,19.840386903324298,0.5925417100637796,0.16764593124389648
day_street_f001057.png,day,20.264583382475756,0.5061749241171695,0.7117869257926941,18.658753894442395,0.5113717639841772,0.3098345100879669,18.61679130033863,0.5037132206198238,0.33806586265563965,19.85739119646404,0.5955502543950724,0.16735880076885223
day_street_f001123.png,day,20.256998627473845,0.5046752139718715,0.7055884003639221,18.795045005169115,0.5150683865396954,0.30959194898605347,18.624419905426134,0.5026728979559851,0.3334352374076843,19.902657340107556,0.5970162648588426,0.16513162851333618
day_street_f001189.png,day,20.244204132598618,0.50621365335018,0.7086115479469299,18.574804731128147,0.5086490619463618,0.317832350730896,18.55369367781051,0.49889978599760826,0.3366051912307739,19.879573419844633,0.5973333880400031,0.1722879707813263
day_street_f001255.png,day,20.49997245611506,0.5152865330923432,0.7148235440254211,18.911725916988736,0.5241380054665373,0.3096974492073059,18.889266823634216,0.5194667893668258,0.3344421684741974,20.105505047186043,0.6117586677247772,0.1651739925146103
day_street_f001322.png,day,20.578450298650107,0.5187352455099103,0.7072886228561401,18.921691746796657,0.5279478103620169,0.306775838136673,18.768509111750127,0.5164963052288979,0.33129966259002686,20.159715024072984,0.6114427601813689,0.15723128616809845
day_street_f001388.png,day,20.582696619055902,0.5155852208857854,0.7107805013656616,18.97729318485841,0.5223319103264744,0.3074975907802582,18.881595193572483,0.5169527108504721,0.32206350564956665,20.14068917542028,0.6035161300463313,0.16712023317813873
day_street_f001454.png,day,20.57353937517314,0.5154994997713088,0.7091147899627686,18.977016436353715,0.5233974508811395,0.3049207925796509,18.84458994940708,0.5162187367761194,0.32570600509643555,20.25196752257182,0.6091319847779522,0.16638541221618652
day_street_f001520.png,day,20.494394032539876,0.5181686800225906,0.7137184739112854,18.861997687152158,0.5244174186570404,0.29774296283721924,18.96910070401578,0.5286503186392851,0.3146771192550659,20.18469150289503,0.6140131487838677,0.16211089491844177
day_street_f001586.png,day,20.517045623007448,0.5140695460977925,0.7124074697494507,18.928270275393025,0.5179764966149835,0.30888086557388306,18.863843056994348,0.5127377520540373,0.3277261257171631,20.125407281312462,0.6026441064473043,0.16505344212055206
day_street_f001652.png,day,20.350377486683282,0.5044126562419659,0.7188898921012878,18.867839382936218,0.5097820445538294,0.31351912021636963,18.819475929181163,0.5117273695873593,0.3222842812538147,20.072709259560078,0.5990904436949308,0.1700953245162964
day_street_f001718.png,day,20.55165798108698,0.5212501157730657,0.712551474571228,18.901709080037147,0.5256302148550794,0.3067093789577484,18.958000476673227,0.5229175498803807,0.3296372890472412,20.185257831576603,0.6096499624241817,0.16416490077972412
day_street_f001784.png,day,20.370054411531974,0.5081844602651164,0.7197428941726685,18.753200697456755,0.5111095059622414,0.3144579231739044,18.793856792657223,0.5114727221885502,0.327589750289917,20.10899386841041,0.6026135064595285,0.17121845483779907
day_street_f001850.png,day,20.47572243595116,0.5231254392693492,0.7031794190406799,18.916468812884716,0.5279224433808057,0.3031963109970093,18.977104965778913,0.5306709821836585,0.3180080056190491,20.115949820434107,0.6139296798674626,0.16346827149391174
day_street_f001916.png,day,20.63466917864382,0.5325482727225342,0.6891370415687561,18.914117113983405,0.5356722167829963,0.30205005407333374,19.024803664908823,0.5345119586198223,0.32914525270462036,20.259228408998876,0.6218432965102192,0.16511887311935425
day_street_f001983.png,day,20.280879776579383,0.5036616941367176,0.7163382172584534,18.72717887757241,0.511803515943175,0.3098468780517578,18.795418512906565,0.5125782711917557,0.3241102993488312,19.990652823331466,0.5979385107694836,0.17019584774971008
day_street_f002049.png,day,20.3527708934454,0.5046930634673875,0.7270464897155762,18.627810846882674,0.5081709077102351,0.31451624631881714,18.71082829599062,0.5101795821740874,0.33038461208343506,20.027215038342522,0.599348458870825,0.16895624995231628
day_street_f002115.png,day,20.374995507930866,0.506364944898037,0.724932074546814,18.719900785344596,0.5144210575103094,0.3147376775741577,18.75319783658552,0.5129229359236073,0.3279139995574951,20.014699036995633,0.5984023179091779,0.16741903126239777
day_street_f002181.png,day,20.37519550846867,0.5089290259059535,0.7235419750213623,18.625742656111367,0.5078599833583799,0.31824612617492676,18.717872772976023,0.5127822308898796,0.3366983234882355,19.99830105958976,0.5970679975505363,0.17415428161621094
day_street_f002247.png,day,20.53167399709823,0.5300887980669504,0.6909337043762207,18.855763943250587,0.5307060698083113,0.3017194867134094,18.76487580148562,0.532757161718921,0.32700759172439575,20.054289093010922,0.6136203697350513,0.1610909402370453
day_street_f002313.png,day,20.17651070795086,0.5045647744191993,0.710969090461731,18.58945304994868,0.5102617880233059,0.30426788330078125,18.442567474170353,0.5097360217016144,0.32987180352211,19.808541008682692,0.5947960904431854,0.16866140067577362
day_street_f002379.png,day,20.16716797267986,0.5032269976689292,0.7165817618370056,18.63573349097028,0.5104388598212868,0.3039283752441406,18.638049893851264,0.51479263025747,0.3216199278831482,19.82477463160536,0.5950332767001058,0.16883423924446106
day_street_f002445.png,day,20.308831495825356,0.5127998226429148,0.7121508717536926,18.80597508863762,0.5185539633162105,0.30865389108657837,18.743533929569526,0.521376346198486,0.3200949728488922,19.917925835353884,0.6025202300119513,0.16956831514835358
day_street_f002511.png,day,20.264850930459634,0.5046390304499532,0.7245679497718811,18.72501527008719,0.5110140198102894,0.3139534592628479,18.77484034658279,0.5159978691283414,0.3237057030200958,19.978384087592143,0.5984874033348198,0.17079517245292664
day_street_f002577.png,day,20.372533276495275,0.5142253930983016,0.7120872139930725,18.804888741077068,0.5215412074943414,0.30879682302474976,18.690538800951252,0.5199632559446395,0.3328685760498047,19.998010797522117,0.6037442068548832,0.170312762260437
day_street_f002644.png,day,20.382138176047793,0.5156724096610876,0.718734860420227,18.91154490705762,0.5305705477935155,0.29529595375061035,18.69242751473091,0.5254921126376368,0.31707996129989624,20.020669212188604,0.6114242341249932,0.15897174179553986
day_street_f002710.png,day,20.32357064423367,0.5114003276697744,0.7179310321807861,19.01904415678801,0.5300422842153569,0.3027764558792114,18.732015758424442,0.5193143951766074,0.31692248582839966,20.011476856347343,0.6053381383165153,0.16331838071346283
day_street_f002776.png,day,20.44903898373738,0.5252018632659454,0.7013426423072815,18.92699358664627,0.5324662098581366,0.30547797679901123,18.690750180565594,0.5248852541937833,0.32262274622917175,20.04789175505504,0.6120137946803982,0.1658731997013092
day_street_f002842.png,day,20.21360308590776,0.506476125420739,0.7148336172103882,18.7750689218413,0.5176026944004147,0.3070787489414215,18.704100229950367,0.51530205324601,0.3250114321708679,19.8878741039299,0.5972828395001335,0.16664375364780426
day_street_f002908.png,day,20.212084404102054,0.5052283451433032,0.7192717790603638,18.660474331801776,0.5097833062962301,0.3096371293067932,18.64452801768943,0.5111774687903284,0.31805405020713806,19.883030497252044,0.5968401682367799,0.16703006625175476
day_street_f002974.png,day,20.559279813909548,0.5326926848911947,0.6946918964385986,18.936375778104736,0.536897824969007,0.31252461671829224,18.980265851115256,0.5388122629848754,0.33387622237205505,20.143712995981527,0.6176397557895874,0.16592800617218018
day_street_f003040.png,day,20.193622214006666,0.504423042994271,0.720970630645752,18.77753580016845,0.5180797285582397,0.31197667121887207,18.820979892801915,0.5197361933991568,0.32908397912979126,19.95371587932609,0.5994187247696566,0.17645467817783356
day_street_f003106.png,day,20.131007603268817,0.5081754208524316,0.715155303478241,18.68890505246649,0.5220403063331079,0.3115618824958801,18.60201790243107,0.5185997783463726,0.3222854733467102,19.871283255561277,0.6031667877273926,0.16775977611541748
day_street_f003172.png,day,20.24055942938027,0.5163156358860509,0.7101699709892273,18.72131363331512,0.5206780126150146,0.3070117235183716,18.597265451869827,0.5210651216376627,0.32480141520500183,19.964579387223008,0.611194550850726,0.16522683203220367
day_street_f003238.png,day,20.290066240585677,0.5127382401845204,0.7033331394195557,18.717103129734713,0.5197330180151628,0.31130123138427734,18.546775684489464,0.5123824222779393,0.3317633271217346,19.94418405384434,0.6057715216029146,0.16611334681510925
day_street_f003305.png,day,20.058290245783343,0.5004265225994767,0.7189174890518188,18.57988702868329,0.5101980720458233,0.3115805983543396,18.497545217477146,0.5060070701272951,0.3295394778251648,19.80288823014012,0.5954618335495157,0.1700046807527542
day_street_f003371.png,day,20.197622679210664,0.5121078066148121,0.7052209377288818,18.648107583548985,0.5167866654017302,0.30870434641838074,18.488418301475672,0.5090615139936782,0.3255161643028259,19.926632879408135,0.6041955543202125,0.17105230689048767
day_street_f003437.png,day,20.29451604301768,0.5141857130132955,0.7068267464637756,18.743307085796307,0.5234297890683904,0.3097473084926605,18.745792246730254,0.5251253892738307,0.33123746514320374,20.04555208715881,0.6055371030668659,0.17055852711200714
day_street_f003503.png,day,20.185818993645675,0.5038258123587367,0.7180230617523193,18.776417145940666,0.5127973298343119,0.31176823377609253,18.61776258787497,0.5080229202864742,0.33355045318603516,19.97758411857346,0.5970452980125872,0.17258736491203308
day_street_f003569.png,day,20.14197840961515,0.5011830620273957,0.7172432541847229,18.676914508356717,0.5109092031736912,0.3131532073020935,18.640576624549677,0.508291600472775,0.3301345705986023,19.892048889404357,0.5940885244565693,0.1704186201095581
day_street_f003635.png,day,20.277060319170804,0.5100276013645639,0.7081765532493591,18.910987842268405,0.5233682867216922,0.3120672404766083,18.89909045323394,0.5233343198651067,0.3346790075302124,20.01868561159774,0.6024360025290189,0.17248126864433289
day_street_f003701.png,day,20.227555696068528,0.5063324677481711,0.7220905423164368,18.625890569170295,0.5103169557560984,0.3121928572654724,18.57314190135721,0.5116596440608293,0.33569207787513733,19.94254100885676,0.6002495653060795,0.17388010025024414
day_street_f003767.png,day,20.301776980917733,0.5143513963064638,0.7183380126953125,18.891177735501977,0.5266696360247477,0.3141477406024933,18.79267303060343,0.5221541716587526,0.3333125114440918,20.055426643049326,0.6071979295688842,0.17292346060276031
day_street_f003833.png,day,20.142607273828283,0.5067540050920977,0.7136721014976501,18.751902301869748,0.5186594077957456,0.30829280614852905,18.80218276738024,0.5215114539950564,0.3246266543865204,19.869933743174936,0.598543610574044,0.17000997066497803
day_street_f003900.png,day,20.451918426110083,0.5250775632334375,0.7078151106834412,19.034965535080268,0.5383286037309536,0.3090597689151764,18.98864167317963,0.5359983335249369,0.3302775025367737,20.0912996579559,0.612598066647199,0.17899645864963531
indoor_garaje_f000000.png,indoor,18.140774847989146,0.5683937023032724,0.6396622657775879,18.18271586824877,0.6873638484332275,0.27871519327163696,18.7032302108127,0.7491490480183313,0.20760247111320496,20.584757430889677,0.8609852813751443,0.08577606081962585
indoor_garaje_f000003.png,indoor,18.143241514538378,0.5664521147558818,0.6406001448631287,18.204261714484883,0.6848537457895928,0.28503626585006714,18.743961072161635,0.7469983556388331,0.20581859350204468,20.632519615256093,0.8626376565791819,0.08490616083145142
indoor_garaje_f000007.png,indoor,18.13424182704643,0.5652171099582856,0.6392841339111328,18.149711543129616,0.6848668230171234,0.2834099531173706,18.68803175686378,0.746064224901083,0.20716336369514465,20.49884461226015,0.8604384061283531,0.08379136770963669
indoor_garaje_f000011.png,indoor,18.155094351183173,0.5665011063218421,0.6388877630233765,18.182485299705274,0.6849511703726471,0.28360122442245483,18.672127104987503,0.7391251867270044,0.20779474079608917,20.5365488567411,0.8595821325062873,0.08481054753065109
indoor_garaje_f000015.png,indoor,18.16455206986564,0.5640038624233203,0.6383690237998962,18.22582936381429,0.6831222154971858,0.27732008695602417,18.688365879611066,0.7414038769400705,0.2083548605442047,20.584155249751017,0.860156865665154,0.08500843495130539
indoor_garaje_f000019.png,indoor,18.180144959752976,0.5637219028790339,0.643651008605957,18.196305391058868,0.6794486910758657,0.2829655110836029,18.703770140845382,0.7385798333201015,0.20421576499938965,20.56361994565282,0.8597613275444022,0.08455505222082138
indoor_garaje_f000023.png,indoor,18.177044838833446,0.5636956867523765,0.6396728754043579,18.207010164363815,0.681787548738049,0.2838088274002075,18.754305570140954,0.7432980716976528,0.2107682228088379,20.585378216003516,0.8598452150189942,0.08579065650701523
indoor_garaje_f000027.png,indoor,18.16637888551794,0.5673948813830357,0.641318142414093,18.176177948816765,0.6807609415183165,0.28345605731010437,18.85219782801494,0.7451468112407246,0.20540976524353027,20.533944340640584,0.8579224650581342,0.08510646969079971
indoor_garaje_f000030.png,indoor,18.161681879730086,0.5633017386947926,0.6413478851318359,18.261505254858914,0.6801244795137548,0.28518104553222656,18.724996141186743,0.7398927956467919,0.2066609114408493,20.573538503214458,0.858476229832822,0.08486783504486084
indoor_garaje_f000034.png,indoor,18.158513781815802,0.5640314059577128,0.638065755367279,18.204058537241913,0.6783818970247614,0.2896859049797058,18.674535478201864,0.7435602208015331,0.20498709380626678,20.542806785081392,0.8589424782132028,0.08570817857980728
indoor_garaje_f000038.png,indoor,18.147179908892465,0.5654310997187482,0.6433929204940796,18.173038789160515,0.6817768477301028,0.28952261805534363,18.715027548342572,0.7431236722593519,0.21287241578102112,20.542760021460325,0.8584451669358305,0.08625412732362747
indoor_garaje_f000042.png,indoor,18.193925934559676,0.5665220874816583,0.6376522779464722,18.151134130907447,0.6857836732579079,0.2815892696380615,18.74008417506746,0.7466564450378247,0.20849362015724182,20.560548526126745,0.8613200005398428,0.08661570399999619
indoor_garaje_f000046.png,indoor,18.20940856178837,0.5671822828983176,0.645086407661438,18.197354644678942,0.6821372167153434,0.2780383229255676,18.739831923231254,0.7436601622329192,0.2062910497188568,20.652010909888364,0.8619123717285929,0.0884147360920906
indoor_garaje_f000050.png,indoor,18.190091156316242,0.5664268520762122,0.6456307172775269,18.234063515077604,0.6828145810422829,0.28066402673721313,18.808977084569893,0.7439277960439075,0.20700456202030182,20.708205363395486,0.8620620011427311,0.08509279787540436
indoor_garaje_f000054.png,indoor,18.18682617618221,0.5678122893618207,0.6454277038574219,18.171088047782085,0.6793629668327731,0.27897876501083374,18.70357364172939,0.7431225772792113,0.2119111716747284,20.688020512361,0.8626416311168033,0.08380939811468124
indoor_garaje_f000057.png,indoor,18.179232174404124,0.5639791389420389,0.646491527557373,18.20841349972204,0.6834138052159,0.279701828956604,18.67385846772795,0.7402132004065226,0.20869822800159454,20.692349378470887,0.8619756678186151,0.08575217425823212
indoor_garaje_f000061.png,indoor,18.18582815461886,0.5667520849748894,0.6420992612838745,18.243427431760352,0.6834871325278583,0.28868404030799866,18.76396072572297,0.746247765874836,0.2085627317428589,20.71417884170912,0.8626259084403641,0.0862344428896904
indoor_garaje_f000065.png,indoor,18.190133558674752,0.56643346753294,0.6424884796142578,18.20962630239908,0.6775570319273183,0.2833801209926605,18.75069585263289,0.7413158197345373,0.20739345252513885,20.809879394154656,0.8653362554200693,0.08381500095129013
indoor_garaje_f000069.png,indoor,18.195820753298698,0.5661441938007289,0.6432081460952759,18.231234179213804,0.6805211504866931,0.28273260593414307,18.757408684332873,0.7423272213763447,0.20712591707706451,20.761029271975048,0.8638304061293982,0.0833505392074585
indoor_garaje_f000073.png,indoor,18.18758163209809,0.5667116256272918,0.6440855860710144,18.24530877267955,0.681994796058202,0.28457140922546387,18.773068901504768,0.7440009384664937,0.20598596334457397,20.77402760880712,0.863864079753828,0.08261620253324509
indoor_garaje_f000077.png,indoor,18.188807892609667,0.5668532389381334,0.6431252360343933,18.20404585295808,0.6783685439575265,0.28513291478157043,18.758563257786662,0.7400684734809925,0.20784078538417816,20.78695181707067,0.8633567557964112,0.082774318754673
indoor_garaje_f000081.png,indoor,18.208997775022343,0.5643322925961219,0.6424283981323242,18.29265559420731,0.6821896001226871,0.2890057861804962,18.793868625388757,0.7444567146622642,0.21391721069812775,20.72739423199252,0.8624128149003941,0.08470100909471512
indoor_garaje_f000085.png,indoor,18.199268922093935,0.5680153300399001,0.6407528519630432,18.262801335680628,0.6846153335015418,0.2846221327781677,18.80311118618233,0.749755590721939,0.210109144449234,20.705511662982904,0.8639590794161544,0.08155136555433273
indoor_garaje_f000088.png,indoor,18.20001115356895,0.5668545652078443,0.6436748504638672,18.293849301679316,0.687182674797724,0.2829083502292633,18.74878872336372,0.7486070672435705,0.20912474393844604,20.731659847844128,0.863939518774793,0.08265504986047745
indoor_garaje_f000092.png,indoor,18.187754800192877,0.5661902247627558,0.642143964767456,18.304094243777225,0.6883668803562971,0.27849626541137695,18.701793231203993,0.743536767751087,0.20888516306877136,20.66233104644124,0.8622715631337551,0.08577851206064224
indoor_garaje_f000096.png,indoor,18.183643028570597,0.566399232671689,0.6411106586456299,18.218223863062605,0.6835566143334173,0.28286194801330566,18.700498319251913,0.7442420678214926,0.20989088714122772,20.6088754698616,0.8615037321090099,0.08332550525665283
indoor_garaje_f000100.png,indoor,18.16275394838535,0.5671554527565981,0.6423678398132324,18.200952256302624,0.6863929743834832,0.283161997795105,18.668093242501303,0.7456397714871531,0.21244755387306213,20.487603282084244,0.859276818636609,0.08417055010795593
indoor_garaje_f000104.png,indoor,18.149525636523546,0.5666182126890419,0.6405454277992249,18.22244565509825,0.6856745931496876,0.2858741581439972,18.612631405305255,0.7413372718085265,0.20660968124866486,20.487699132294228,0.8607933108498201,0.08324794471263885
indoor_garaje_f000108.png,indoor,18.18238661825266,0.5668674435623591,0.6431331038475037,18.231198118871845,0.6877204442795488,0.2799985408782959,18.668249814813556,0.7453653219571102,0.2094409018754959,20.562800710765153,0.8593488588766817,0.0843469500541687
indoor_garaje_f000112.png,indoor,18.18284325497251,0.5662542855267038,0.6395959854125977,18.126291565259102,0.6815696670474138,0.2844482958316803,18.553227901174843,0.7397566563172623,0.20730817317962646,20.572102506875183,0.8593240120336246,0.08448736369609833
indoor_garaje_f000115.png,indoor,18.188835471105335,0.5655877038350283,0.6401980519294739,18.156335178794123,0.6825647441347079,0.28243231773376465,18.560278011441028,0.7391494216182481,0.20821940898895264,20.637471383142937,0.8608497794898059,0.08335567265748978
indoor_garaje_f000119.png,indoor,18.175343339695022,0.5651290891424486,0.6446148753166199,18.129434025177375,0.6790890180765317,0.2799943685531616,18.634556661615257,0.7421924848246944,0.21180301904678345,20.588760426204065,0.8602330338587217,0.08493274450302124
indoor_garaje_f000123.png,indoor,18.20372172296718,0.5672770832004658,0.6408427357673645,18.14582037220301,0.6793836120482948,0.2804073095321655,18.702091184086374,0.7432303575479972,0.20872479677200317,20.603503666339407,0.8612222424034265,0.08685512840747833
indoor_garaje_f000127.png,indoor,18.195485163997354,0.566220182739059,0.6382730007171631,18.19159081567056,0.6829057990862641,0.28483515977859497,18.72811946376104,0.7433661702166536,0.20530790090560913,20.56428492100509,0.860979510768618,0.08503715693950653
indoor_garaje_f000131.png,indoor,18.18289510605722,0.56685298325855,0.6373311281204224,18.136237226768465,0.6781209330811505,0.2873748540878296,18.641013941315226,0.7394031487238016,0.21150362491607666,20.575871532025918,0.8612144020161772,0.08441565930843353
indoor_garaje_f000135.png,indoor,18.1997363767822,0.5675072841224948,0.6410797834396362,18.21604783839762,0.6837235474925601,0.28289180994033813,18.79181803447282,0.7436059045998015,0.20554892718791962,20.627800476656375,0.8614829677405372,0.08432073146104813
indoor_garaje_f000139.png,indoor,18.21522611684483,0.566026334096719,0.6375489234924316,18.22922197102438,0.6795668712778992,0.2806292772293091,18.830439892568215,0.7448893781069322,0.20753410458564758,20.638201419609977,0.8596684652242591,0.08436156809329987
indoor_garaje_f000142.png,indoor,18.196851523257195,0.5675044144289849,0.6429978609085083,18.19934334251733,0.6810559264982371,0.28097331523895264,18.72664816538607,0.7408977716520586,0.20433861017227173,20.60472202050617,0.8595652886271523,0.08585882186889648
indoor_garaje_f000146.png,indoor,18.19183837191297,0.5653047083011215,0.6400387287139893,18.247644039126456,0.6841408249096128,0.2799072265625,18.792229842952523,0.7432793535556371,0.20623043179512024,20.634358209556062,0.8611929959681816,0.08463963121175766
indoor_garaje_f000150.png,indoor,18.187707270904706,0.564853982140364,0.639685332775116,18.18058592931879,0.6810547643162274,0.2820349335670471,18.702884800054147,0.7404784715412397,0.20793572068214417,20.658672631887455,0.8607691402033567,0.0847218930721283
indoor_garaje_f000154.png,indoor,18.178856041774512,0.5686123896834551,0.6367236375808716,18.15981657514027,0.6824672651790221,0.2821844816207886,18.712844386805788,0.7439316665570151,0.2086639702320099,20.587260838165943,0.8607659961624615,0.08533995598554611
indoor_garaje_f000158.png,indoor,18.177451941000918,0.567658621267991,0.6401722431182861,18.215187421578822,0.685384729687417,0.27999240159988403,18.797331486229133,0.7464692133445244,0.20731601119041443,20.642713789227845,0.8614222273781998,0.08542702347040176
indoor_garaje_f000162.png,indoor,18.201322286706787,0.5670593867135576,0.641956627368927,18.238065212029507,0.6847093202981999,0.29024872183799744,18.772665002482512,0.7471515361152917,0.20754902064800262,20.67769061210238,0.8624444840614847,0.08420751988887787
indoor_garaje_f000166.png,indoor,18.203630320970024,0.568218453609822,0.6405861377716064,18.250926678566735,0.685063607701145,0.2874024212360382,18.78128316475443,0.746889243106362,0.21136686205863953,20.7233855008274,0.864150035944118,0.08564432710409164
indoor_garaje_f000170.png,indoor,18.19977848400623,0.5662087105298719,0.646053671836853,18.25520719086228,0.6840188591536601,0.28357449173927307,18.783098543086187,0.7441425772407069,0.20511622726917267,20.668912029710995,0.8627934919800225,0.0842604786157608
indoor_garaje_f000173.png,indoor,18.203493793418502,0.5646284166464167,0.6426360011100769,18.274470882901525,0.6828988065917038,0.2883160710334778,18.86604573886696,0.7488433822902144,0.20848555862903595,20.70721062178496,0.862979790148677,0.08642110228538513
indoor_garaje_f000177.png,indoor,18.197496511197944,0.5653501141778403,0.6410438418388367,18.24570384712765,0.6799897920250139,0.2884262800216675,18.79610464198392,0.7452498689067023,0.20794111490249634,20.698937769546024,0.8631347228621958,0.08496107161045074
indoor_garaje_f000181.png,indoor,18.191655610565437,0.5649243133117109,0.6421027183532715,18.267023824793462,0.6840537586905376,0.288126677274704,18.792691962192585,0.7472037977303699,0.20917238295078278,20.73778918067397,0.8645021617451731,0.0844031274318695
indoor_garaje_f000185.png,indoor,18.189837731713393,0.5673605020913707,0.6406679749488831,18.25742469836581,0.6839337660263851,0.28675559163093567,18.72399911882153,0.7461376175722757,0.20321594178676605,20.766666671859845,0.8647814206684558,0.08525178581476212
indoor_garaje_f000189.png,indoor,18.191784056287695,0.5680756041595793,0.6423180103302002,18.284836800734197,0.6882517995728087,0.2864507734775543,18.802545929253498,0.7479618134777399,0.20574747025966644,20.737390121734542,0.8644023865968492,0.08491051197052002
indoor_garaje_f000193.png,indoor,18.19821741274069,0.5671247041415507,0.6409388184547424,18.25462725556257,0.6881193534044834,0.28707972168922424,18.820732107151454,0.7476744531329729,0.21178407967090607,20.738747310014453,0.8643237954087001,0.08406174182891846
indoor_garaje_f000197.png,indoor,18.197782229821115,0.5666697619413065,0.644316554069519,18.26589442778107,0.6875271021588204,0.284687876701355,18.73823828886278,0.7442977127188275,0.20341193675994873,20.683491100187744,0.8634650298085601,0.0841037780046463
indoor_garaje_f000200.png,indoor,18.195889042732734,0.5659957449836073,0.6387656927108765,18.246437119368945,0.6869662700816179,0.28553977608680725,18.810254901902812,0.7500192712415322,0.20402713119983673,20.701500345634578,0.8633920709418249,0.08313888311386108
indoor_garaje_f000204.png,indoor,18.212492683239404,0.5687074551354271,0.6401770114898682,18.260872360208968,0.6821365338181776,0.28340384364128113,18.795401048093627,0.7446577213886947,0.20722028613090515,20.738976588713168,0.8613481950938517,0.08558208495378494
indoor_garaje_f000208.png,indoor,18.203345418496482,0.5665647341354124,0.6441068649291992,18.232267453213243,0.6803853833359229,0.28176045417785645,18.794295217727953,0.743988651277141,0.2063579112291336,20.746826302902765,0.8615703745710027,0.08388163894414902
indoor_garaje_f000212.png,indoor,18.211155016766224,0.5676251838021965,0.6398730874061584,18.267926757590736,0.6805167541784153,0.2857835292816162,18.793890188970735,0.7437031085491773,0.2105175405740738,20.73389301992321,0.8620441429154483,0.08335565030574799
indoor_garaje_f000216.png,indoor,18.204087567457634,0.5667138396151127,0.6413955092430115,18.248860488200304,0.6804984010226908,0.2874605655670166,18.7454530004253,0.7407451811451646,0.21108552813529968,20.72734516376629,0.8599397498121188,0.08411676436662674
indoor_garaje_f000220.png,indoor,18.20977923024436,0.5676792618682206,0.6388131380081177,18.265046048197927,0.6799942108347959,0.2828681468963623,18.81529348481492,0.7429644163231405,0.20355570316314697,20.742340516549277,0.8610856108700942,0.08416330069303513
indoor_garaje_f000224.png,indoor,18.203683756241677,0.5662244559873925,0.6347303986549377,18.225464932660753,0.6814475289072429,0.2823968529701233,18.739148257286004,0.7442668776324449,0.20541837811470032,20.745003319153245,0.8608962451233548,0.0844443142414093
indoor_garaje_f000228.png,indoor,18.204446080737398,0.5686216940039289,0.6367751359939575,18.26088690133156,0.6824542954813738,0.2836189568042755,18.748281013075854,0.7445435339182968,0.20766185224056244,20.74523446556747,0.8614932960517537,0.08359460532665253
indoor_tienda_f000000.png,indoor,17.921521340265155,0.506100161896648,0.7094513773918152,17.86956167156932,0.5778631715895167,0.31399908661842346,17.810629373563703,0.5757394353985509,0.3272680342197418,18.180292645824103,0.6680504139054605,0.13930639624595642
indoor_tienda_f000015.png,indoor,17.895638437239864,0.5045073169304629,0.7124108076095581,17.82615530721451,0.5767171766695266,0.3107927739620209,17.7068872522156,0.5744529219427809,0.3248903751373291,18.243336737841933,0.6729521944261511,0.1366746425628662
indoor_tienda_f000030.png,indoor,18.06094053683797,0.5143652141783225,0.7027181386947632,18.032539317255768,0.5877575656785922,0.306768536567688,17.94215680958506,0.5869474473725086,0.32175642251968384,18.339273059293312,0.6829891675192705,0.12880218029022217
indoor_tienda_f000046.png,indoor,17.872961781670234,0.5122997491054421,0.7086989879608154,17.954553260712707,0.5891535377977494,0.30288946628570557,17.803330828040004,0.5888071991890463,0.3188306391239166,18.180095441970817,0.6767666914911277,0.1298566311597824
indoor_tienda_f000061.png,indoor,18.056741057247017,0.5144464709672338,0.6994228363037109,17.988366826766903,0.5870962135106165,0.29704785346984863,17.991540597272685,0.5908812028798177,0.32068294286727905,18.383436307941864,0.6782278762801871,0.128167524933815
indoor_tienda_f000077.png,indoor,17.857814576068666,0.5066761733299142,0.7059085369110107,17.862996142835858,0.5791971364945899,0.3076661229133606,17.767487629711965,0.57869030669195,0.3260381817817688,18.18741518664767,0.6674411540942788,0.13725213706493378
indoor_tienda_f000092.png,indoor,17.980424971140817,0.5097662122032883,0.6979466676712036,17.951898565715723,0.5843352192226775,0.3011900782585144,17.836700366117007,0.580998868440294,0.32209643721580505,18.1919359556802,0.6718768259162058,0.12961623072624207
indoor_tienda_f000107.png,indoor,17.976421520495634,0.5083090637848378,0.7010554671287537,17.951809310140366,0.5878593139255321,0.296881765127182,17.852289273073435,0.5825674437396624,0.31655919551849365,18.313613770324192,0.6770183117285739,0.13077764213085175
indoor_tienda_f000123.png,indoor,17.930089957593083,0.5047463339821678,0.705970287322998,17.686680387493343,0.5703103213410906,0.30933284759521484,17.670931570558373,0.5712663408361618,0.3218356966972351,18.115770477356953,0.6649920869141428,0.13943037390708923
indoor_tienda_f000138.png,indoor,17.873483590907515,0.5040272417601196,0.7002453207969666,17.74017555855167,0.5697144983672726,0.30266299843788147,17.644729980113144,0.5724288207412572,0.317326158285141,18.17854271808869,0.6675281623045368,0.13368776440620422
indoor_tienda_f000154.png,indoor,17.920614404270395,0.5099182062479444,0.6944719552993774,17.74645723303031,0.5722910206780161,0.3044837713241577,17.772487281876145,0.5822383821189602,0.314576655626297,18.289356190782765,0.6716315609962918,0.13397304713726044
indoor_tienda_f000169.png,indoor,17.74176423425144,0.493057633916397,0.7016854286193848,17.634856865518707,0.5594602865770048,0.3054877817630768,17.54535153295138,0.561332500622045,0.3220914900302887,18.138920280993297,0.6647206687837047,0.1361682265996933
indoor_tienda_f000184.png,indoor,17.87542071271444,0.4989391306201006,0.6971114873886108,17.616148174482944,0.5598221966278514,0.3087543547153473,17.648147720692293,0.5670848305832147,0.3214007019996643,18.288948289483564,0.6710257023872989,0.1333014965057373
indoor_tienda_f000200.png,indoor,17.870158912481664,0.49579896054421585,0.7058804631233215,17.699659963769534,0.5571043019869929,0.3066673278808594,17.6871746023788,0.5630481454145596,0.3247811198234558,18.23029872626294,0.6644344041169618,0.13451038300991058
indoor_tienda_f000215.png,indoor,17.87005035692128,0.4962567801881641,0.703272819519043,17.811025442896483,0.5642265476337931,0.3109758198261261,17.769993504496895,0.5683781503083845,0.32780829071998596,18.36813239707149,0.6707418111937077,0.13205498456954956
indoor_tienda_f000231.png,indoor,17.77973568685315,0.4919453641300904,0.7034697532653809,17.698672612941245,0.5607940185084015,0.3182308077812195,17.54712941599541,0.5579559320025711,0.3255883455276489,18.216548132431964,0.6634419957215358,0.13566307723522186
indoor_tienda_f000246.png,indoor,17.974456262341857,0.5053484403385579,0.7049380540847778,17.695967545142896,0.5642426004675535,0.31098854541778564,17.739823681786874,0.5698300024077789,0.3192494511604309,18.387124965020664,0.6727398507543058,0.12982691824436188
indoor_tienda_f000261.png,indoor,18.01621275034115,0.5093477659234855,0.7131202220916748,17.924073236072118,0.579528481038935,0.30038660764694214,17.789407635882625,0.5780366500716679,0.31608980894088745,18.38051185932554,0.674598696953244,0.13176783919334412
indoor_tienda_f000277.png,indoor,17.796667447153776,0.502235625306577,0.6928763389587402,17.90017557572443,0.5815202716267085,0.29481086134910583,17.681534600024722,0.5754273632239975,0.31439727544784546,18.217014259014014,0.6718694210396438,0.12344758212566376
indoor_tienda_f000292.png,indoor,17.828873877948737,0.5014192460465171,0.6942852735519409,17.816863990584203,0.5784375369325635,0.2973570227622986,17.634113481144354,0.5738109941729995,0.3114488124847412,18.27768926734516,0.6747170692509471,0.11982736736536026
indoor_tienda_f000308.png,indoor,17.755222355169032,0.4935839710631155,0.7021617293357849,17.811206988692156,0.56935159775684,0.3042536973953247,17.647043532043863,0.5661424432199907,0.3235960602760315,18.1326833129348,0.6649083786951643,0.12732699513435364
indoor_tienda_f000323.png,indoor,17.879819249673705,0.5048781315675978,0.6997263431549072,17.827388366936066,0.5763034443032757,0.3064872622489929,17.747479076205504,0.5741518132416251,0.323712557554245,18.242016309649816,0.6726292287922497,0.1250164955854416
indoor_tienda_f000338.png,indoor,17.722886791929927,0.4971752427870726,0.7016669511795044,17.69779532866928,0.5649188275582032,0.3175964057445526,17.48678769150118,0.5604120521486246,0.3305475115776062,18.12287783325552,0.6663307990368309,0.12529242038726807
indoor_tienda_f000354.png,indoor,17.762762066451618,0.49986074997674573,0.699083149433136,17.804014924130147,0.5742854025865775,0.3156158924102783,17.64164377119911,0.5675915489728754,0.32888075709342957,18.17039120258918,0.6700797934085467,0.12324843555688858
indoor_tienda_f000369.png,indoor,17.847564576469757,0.508490242418112,0.7045689225196838,17.83665014501728,0.5822224633218174,0.30253177881240845,17.774269493045672,0.5846135376627327,0.31509101390838623,18.344051157186605,0.6801996952311401,0.12086627632379532
indoor_tienda_f000385.png,indoor,17.94613906283694,0.5090704399717693,0.7019268870353699,17.97255557821575,0.5787675552065372,0.306719571352005,17.771040432610025,0.5719715585173334,0.31591182947158813,18.38068587243775,0.6707359275875517,0.13643603026866913
indoor_tienda_f000400.png,indoor,17.845687079046172,0.49859577875618327,0.7069982886314392,17.798055572022104,0.5698042612897919,0.30674946308135986,17.70019049259008,0.5706379243615318,0.32407346367836,18.342330674569865,0.6702784842412547,0.1332709938287735
indoor_tienda_f000415.png,indoor,17.817266363438243,0.4973561603570153,0.7054544687271118,17.766468943313992,0.5654286169129614,0.30757132172584534,17.67596884018195,0.5696365111067297,0.3265681862831116,18.20267948370957,0.665169061701158,0.1307133138179779
indoor_tienda_f000431.png,indoor,17.769843942461613,0.49668031303102017,0.7071820497512817,17.718874935907454,0.5643766887600613,0.3109598159790039,17.628754939322818,0.5667642649311531,0.3317857086658478,18.326019625919535,0.67229261155916,0.12487088888883591
indoor_tienda_f000446.png,indoor,17.790418315039865,0.4977902541079673,0.7027133107185364,17.80340466642003,0.567000804497234,0.31171560287475586,17.709116875769688,0.5724124087677371,0.3258303701877594,18.2900617657311,0.6697120119786235,0.12302817404270172
indoor_tienda_f000462.png,indoor,17.798549849886072,0.497139687543614,0.7097697854042053,17.761266395371504,0.5666682645779623,0.31046193838119507,17.594712072166747,0.5662141952508715,0.32357072830200195,18.26606446583461,0.672984269861782,0.12303765118122101
indoor_tienda_f000477.png,indoor,17.7763209489018,0.49579705955188985,0.7163809537887573,17.66295477546401,0.5625902641000736,0.30536335706710815,17.591788185679796,0.5664539588377351,0.3282063603401184,18.19220914963811,0.668670178776412,0.12808236479759216
indoor_tienda_f000493.png,indoor,18.02811128546159,0.5102458915579957,0.7103054523468018,17.989098715146156,0.5836382284363568,0.3030467629432678,17.896588869810333,0.5818730258895205,0.3320711851119995,18.443815868343865,0.6773175908803957,0.12672005593776703
indoor_tienda_f000508.png,indoor,17.960997758252898,0.5131031370736022,0.7065173387527466,17.794040658488836,0.5819396404228966,0.3021271228790283,17.734232911453187,0.5788226553608231,0.32542648911476135,18.315439352823905,0.6773646052159209,0.12683206796646118
indoor_tienda_f000523.png,indoor,18.065119003695663,0.517623232645947,0.6988778114318848,18.017767223925507,0.586709659619769,0.30405038595199585,17.893671818782465,0.5816548469951538,0.31856274604797363,18.488196862019038,0.680281280413311,0.12370961159467697
indoor_tienda_f000539.png,indoor,18.0103178221287,0.5089083204199001,0.7033497095108032,17.935550977379783,0.5785584692981316,0.2963123917579651,17.855615934476802,0.5795075523727893,0.31429749727249146,18.495371436869544,0.6793647011516993,0.1252031922340393
indoor_tienda_f000554.png,indoor,17.934578894449082,0.5073050549041821,0.7045789957046509,17.80287306043261,0.5694043982832863,0.30963271856307983,17.83093067821455,0.5745748014439337,0.32208001613616943,18.366614247888617,0.6757936616514378,0.12132854759693146
indoor_tienda_f000570.png,indoor,17.909458753319363,0.5088247622549494,0.6987162828445435,17.810979335290444,0.5722676512395037,0.30322152376174927,17.729228062769977,0.5752968939845516,0.31573358178138733,18.357577635651623,0.6762917151664639,0.12298674881458282
indoor_tienda_f000585.png,indoor,17.879915055936284,0.5038799867767098,0.6990770101547241,17.787044774331036,0.5676066005817341,0.3106129467487335,17.678886120123558,0.5692678064778174,0.3192010223865509,18.370710653213198,0.680559043043754,0.12623152136802673
indoor_tienda_f000600.png,indoor,17.92492172652102,0.5063766116889994,0.6988183259963989,17.792481989330728,0.5704513579348444,0.3039352297782898,17.67670255351177,0.5704505608952312,0.3213362693786621,18.40778141475959,0.6804384148533317,0.12345285713672638
indoor_tienda_f000616.png,indoor,17.93220425957365,0.504421133632783,0.7041552662849426,17.87129701571942,0.5693784726392792,0.3101249933242798,17.744899126091838,0.5670485941880253,0.331057071685791,18.42288257907951,0.6787638375045731,0.12162276357412338
indoor_tienda_f000631.png,indoor,17.995899830593473,0.5058648751227605,0.6983098387718201,17.861726705775748,0.5714486258288174,0.3130590319633484,17.795112499424334,0.5720626461965893,0.3321528434753418,18.45615298246315,0.6835944292520116,0.12422943115234375
indoor_tienda_f000647.png,indoor,17.95884837869436,0.5060818900471168,0.695337176322937,17.71761985424598,0.5655257969429585,0.3039230406284332,17.657600370832117,0.5667773503472749,0.31654173135757446,18.444862720761584,0.680065488871391,0.12366729974746704
indoor_tienda_f000662.png,indoor,18.03426951165091,0.5097153726788204,0.6967045068740845,17.835141058478268,0.5747327229295753,0.3095378577709198,17.788094642764715,0.5720189171921385,0.3238942623138428,18.485942863125896,0.6771984137907224,0.12632998824119568
indoor_tienda_f000677.png,indoor,17.811859912302477,0.49856581092943125,0.7047799825668335,17.707424672052813,0.5621928454542312,0.3092818856239319,17.627636447961816,0.5617917037182455,0.32223793864250183,18.277963346593022,0.676021588346028,0.12182881683111191
indoor_tienda_f000693.png,indoor,17.81244489071203,0.4986112421464366,0.7103654742240906,17.720434428363152,0.5669545127074852,0.30449360609054565,17.621537436992202,0.5650409876936405,0.3193318247795105,18.317409868655275,0.6792293362795215,0.11181062459945679
indoor_tienda_f000708.png,indoor,17.77299691963592,0.4957895459665031,0.7015866637229919,17.699307497188926,0.5593339576995084,0.3112834692001343,17.61276124687698,0.5599703392744982,0.3182573914527893,18.297879069071854,0.6740776370593009,0.12016910314559937
indoor_tienda_f000724.png,indoor,17.791923317416604,0.4983468302512888,0.7024121284484863,17.72226126228916,0.5668051614013955,0.30745476484298706,17.602875758791964,0.5628356312673324,0.31449541449546814,18.330814474152746,0.6773843151427705,0.11607752740383148
indoor_tienda_f000739.png,indoor,17.75036531179538,0.49670412096513705,0.7059204578399658,17.65404116322763,0.5630378468700722,0.30450913310050964,17.552721270431057,0.5636044756094319,0.31011438369750977,18.264067520530563,0.6779970441655371,0.11938445270061493
indoor_tienda_f000754.png,indoor,17.778852264383197,0.4969200605457069,0.7103168368339539,17.670656061168543,0.562969774970233,0.301056444644928,17.59067503964213,0.5628698266787856,0.30757981538772583,18.204600532640494,0.674511788694702,0.12003777921199799
indoor_tienda_f000770.png,indoor,17.763427203546577,0.49497200620590726,0.702894389629364,17.66408336036171,0.5616503566962944,0.30225586891174316,17.549971079219283,0.5615745461197319,0.31785374879837036,18.2823439742833,0.6762467624551661,0.11480426043272018
indoor_tienda_f000785.png,indoor,17.75336864610153,0.4962897059116174,0.7000706195831299,17.70273392869901,0.5639834570448462,0.3043305277824402,17.627897372176832,0.565168849763429,0.31279584765434265,18.295653240425022,0.6786595692197732,0.1150437593460083
indoor_tienda_f000801.png,indoor,17.77628654639035,0.49675101837606866,0.7041530013084412,17.69962950284637,0.5616960671533772,0.3025074601173401,17.678225510679184,0.5642948331969756,0.31755566596984863,18.253933263396455,0.6764586647438651,0.11448661983013153
indoor_tienda_f000816.png,indoor,17.781678905176747,0.49889471129789964,0.6999581456184387,17.725772195926233,0.5657548189315175,0.30140531063079834,17.658033008512216,0.5674949228724682,0.3161430060863495,18.299999108700256,0.679816416165168,0.11181695014238358
indoor_tienda_f000831.png,indoor,17.803271831657074,0.49852391018232717,0.7024450302124023,17.703167982960252,0.5625560283033301,0.30879533290863037,17.60300428372964,0.563347619174798,0.3143220543861389,18.31406607804196,0.6791398579885658,0.11747047305107117
indoor_tienda_f000847.png,indoor,17.812330545438776,0.4969001494915777,0.7049582004547119,17.703321763383787,0.5659598383069304,0.3040159344673157,17.637333599795458,0.5651760120316865,0.31787413358688354,18.333536695921314,0.680117699022121,0.11419901996850967
indoor_tienda_f000862.png,indoor,17.784802184169934,0.497343143313413,0.7042039036750793,17.710656429102787,0.5646220976832064,0.3072112500667572,17.576015730352,0.5651901474794369,0.3129156827926636,18.271476803226538,0.6772925809341995,0.11663823574781418
indoor_tienda_f000878.png,indoor,17.826344351930064,0.49988471957399044,0.701398491859436,17.76460763926322,0.5687187490183367,0.3048534393310547,17.6832491020243,0.5688465008996242,0.31263893842697144,18.30328323164616,0.6791509228602925,0.11653699725866318
indoor_tienda_f000893.png,indoor,17.83049410257914,0.4995243806603884,0.6998670101165771,17.70548312885209,0.5650046582427937,0.3046644926071167,17.66467982486762,0.565992688504121,0.31908631324768066,18.348232003320405,0.6812832860689998,0.11998350918292999
indoor_tienda_f000909.png,indoor,17.866557832203156,0.5003439403063052,0.6932770609855652,17.708044254656897,0.5666718453346004,0.3044884502887726,17.604227461260923,0.5648138648331638,0.31566643714904785,18.35147014961531,0.6815175938705854,0.11779575049877167
